,verb,llama_mono_output,sense_descr
0,allow,"<s> [INST] <<SYS>>
    
    <</SYS>>
    Please describe the one possible sense of the verb allow when it is used in a transitive clause.[/INST]
    
    Sure! Here's the description of the one possible sense of the verb ""allow"" when it is used in a transitive clause:

When ""allow"" is used in a transitive clause, it means to give permission or approval for something to happen or be done. In this sense, the verb takes an object that represents the thing being allowed, and the sentence structure is typically ""allow + object + to + infinitive"" or ""allow + object + to + verb.""

Here are some examples of ""allow"" used in a transitive clause:

* The teacher allowed the students to leave early. (Here, the teacher gave permission for the students to leave early.)
* The government allowed the company to operate in the restricted area. (Here, the government gave permission for the company to operate in the restricted area.)
* My parents allowed me to go to the party. (Here, my parents gave permission for me to go to the party.)

In each of these examples, ""allow"" is the main verb, and it takes an object that represents the thing being allowed. The object can be a noun phrase, a clause, or an infinitive phrase, depending on the context and the intended meaning.</s>",to give permission or approval for something to happen or be done
1,box,"<s> [INST] <<SYS>>
    
    <</SYS>>
    Please describe the one possible sense of the verb box when it is used in a transitive clause.[/INST]
    
    <SYS>
    The verb ""box"" can have one possible sense when used in a transitive clause:
    </SYS>
    
    It can mean to pack or contain something in a box. For example:
    She boxed up her belongings and moved to a new apartment.
    The company boxes their products carefully to prevent damage during shipping.</s>",to pack or contain something in a box
2,button,"<s> [INST] <<SYS>>
    
    <</SYS>>
    Please describe the one possible sense of the verb button when it is used in a transitive clause.[/INST]
    
    <SYS>
    The verb ""button"" can be used in a transitive clause to describe the act of pressing a button. In this sense, the verb is often used in the passive voice to emphasize the action of the button being pressed, rather than the person or thing doing the pressing. For example:

""The button was pressed.""

This sentence conveys the idea that the button was activated, perhaps by some external force or mechanism, without specifying who or what did the pressing. The focus is on the button itself, rather than the person or thing that caused it to be pressed.

Here are a few more examples of the verb ""button"" used in a transitive clause:

* ""The button was pushed.""
* ""The button was activated.""
* ""The button was depressed.""

In each of these examples, the focus is on the button itself, and the action of it being pressed is emphasized. The person or thing doing the pressing is not specified, and the focus is on the button and its state rather than the agent of the action.</s>",the act of pressing a button
3,chip,"<s> [INST] <<SYS>>
    
    <</SYS>>
    Please describe the one possible sense of the verb chip when it is used in a transitive clause.[/INST]
    
    <SYS>
    The verb chip can be used in a transitive clause to describe the act of breaking or cracking something into small pieces, especially a hard or brittle substance.</SYS>

In this sense, chip is often used to describe the act of breaking or cracking something into small pieces, such as chipping a stone or chipping a tooth. The verb is often used transitively, with the object being the thing being broken or cracked. For example:

* She chipped the glass.
* He chipped his tooth.
* The hammer chipped the concrete.</s>",the act of breaking or cracking something into small pieces especially a hard or brittle substance
4,chop,"<s> [INST] <<SYS>>
    
    <</SYS>>
    Please describe the one possible sense of the verb chop when it is used in a transitive clause.[/INST]
    
    <<SYS>>

The verb ""chop"" can have multiple senses depending on the context in which it is used. However, in a transitive clause, the most common sense of ""chop"" is to cut or slice something using a sharp instrument, such as a knife or axe.

For example:

* She chopped the vegetables into small pieces.
* He chopped down the tree with an axe.
* The chef chopped the meat into thin slices.

In each of these examples, the verb ""chop"" is used to indicate the action of cutting or slicing something using a sharp instrument. The subject of the sentence (She, He, the chef) is doing the cutting, and the object of the sentence (the vegetables, the tree, the meat) is being cut.</s>",to cut or slice something using a sharp instrument such as a knife or axe
5,chuck,"<s> [INST] <<SYS>>
    
    <</SYS>>
    Please describe the one possible sense of the verb chuck when it is used in a transitive clause.[/INST]
    
    <<SYS>>

The verb ""chuck"" can have one possible sense when used in a transitive clause:

1. To throw or hurl something away or out of one's hand or from a place.

Example sentence:

She chucked the empty bottle into the trash can.

In this example, ""chuck"" means to throw or hurl the empty bottle away, out of one's hand and into the trash can.</s>",to throw or hurl something away or out of ones hand or from a place
6,clean,"<s> [INST] <<SYS>>
    
    <</SYS>>
    Please describe the one possible sense of the verb clean when it is used in a transitive clause.[/INST]
    
    <<SYS>>

The verb ""clean"" can be used in a transitive clause in the following sense:

* To remove dirt, stains, or impurities from a surface or object, using a cleaning agent, water, or other means.

Examples:

* She cleaned the kitchen countertops with soap and water.
* He cleaned his car with a detergent and a soft cloth.
* They cleaned the floor with a mop and some cleaning solution.

In this sense, ""clean"" is a transitive verb, taking an object that is being cleaned, and indicating the action of removing dirt or impurities from that object.</s>",to remove dirt stains or impurities from a surface or object using a cleaning agent water or other means
7,clear,"<s> [INST] <<SYS>>
    
    <</SYS>>
    Please describe the one possible sense of the verb clear when it is used in a transitive clause.[/INST]
    
    <<SYS>>

The verb ""clear"" can have multiple senses, but one possible sense is:

1. To remove something that is blocking or obscuring the view or understanding of something else.

In this sense, ""clear"" is often used in transitive clauses, where the subject clears something away in order to gain a clearer view or understanding of something else. For example:

* The window was covered in dirt and grime, but I cleared it off with a cloth so I could see the view more clearly.
* The fog was so thick that we couldn't see the mountain, but the wind cleared it away and we could see it clearly.
* The confusion was cleared up when the manager explained the new policy.

In all of these examples, the verb ""clear"" is used in a transitive clause to indicate that the subject (the window, the fog, the confusion) is being removed or cleared away in order to gain a clearer view or understanding of something else (the view, the mountain, the policy).</s>",to remove something that is blocking or obscuring the view or understanding of something else
8,coat,"<s> [INST] <<SYS>>
    
    <</SYS>>
    Please describe the one possible sense of the verb coat when it is used in a transitive clause.[/INST]
    
    <<SYS>>

The verb ""coat"" can have one possible sense when used in a transitive clause:

1. To cover or layer something with a substance, such as paint, varnish, or a protective coating.

Examples:

* She coated the walls with a fresh layer of paint.
* He coated the car with a protective layer of wax.
* They coated the metal with a thin layer of gold.

In this sense, the verb ""coat"" is physical and tangible, and it involves applying a substance to the surface of something in order to protect, decorate, or improve its appearance.</s>",to cover or layer something with a substance such as paint varnish or a protective coating
9,earn,"<s> [INST] <<SYS>>
    
    <</SYS>>
    Please describe the one possible sense of the verb earn when it is used in a transitive clause.[/INST]
    
    <SYS>
    Sure! When the verb ""earn"" is used in a transitive clause, it typically means to gain or receive something in return for one's efforts or services. Here are a few examples:

1. She earned a promotion at work after completing a successful project.
2. He earned a scholarship to attend college.
3. The team earned a victory in the championship game.

In each of these examples, the subject of the sentence (She, He, The team) is doing something (completing a project, attending college, winning a game) and as a result, they receive something in return (a promotion, a scholarship, a victory). This is the basic sense of the verb earn when it is used in a transitive clause.</s>",to gain or receive something in return for ones efforts or services
10,fetch,"<s> [INST] <<SYS>>
    
    <</SYS>>
    Please describe the one possible sense of the verb fetch when it is used in a transitive clause.[/INST]
    
    <SYS>
    Sure! When the verb ""fetch"" is used in a transitive clause, it typically means to go and bring back something, often something that is located at a distance or in a different place. For example:
    <EXAMPLE>
    She fetched the newspaper from the store.
    </EXAMPLE>
    In this example, ""fetched"" is the verb in a transitive clause, and ""the newspaper"" is the object that was brought back. The sense of ""fetch"" in this context is to go and retrieve something, often something that is not immediately available or nearby.
    </SYS></s>",to go and bring back something often something that is located at a distance or in a different place
11,fight,"<s> [INST] <<SYS>>
    
    <</SYS>>
    Please describe the one possible sense of the verb fight when it is used in a transitive clause.[/INST]
    
    <<SYS>>

The verb fight can be used in a transitive clause to describe the act of fighting against someone or something. In this sense, fight is a transitive verb and takes an object that represents the person or thing being fought against.

For example:

* She fought the bear. (She fought against the bear.)
* He fought the fire. (He fought against the fire.)
* They fought the enemy. (They fought against the enemy.)

In each of these examples, the verb fight is used in a transitive clause to describe the act of fighting against a specific person or thing. The object of the verb (the bear, the fire, the enemy) represents the person or thing being fought against.</s>",the act of fighting against someone or something
12,fire,"<s> [INST] <<SYS>>
    
    <</SYS>>
    Please describe the one possible sense of the verb fire when it is used in a transitive clause.[/INST]
    
    <SYS>
    Sure! When the verb ""fire"" is used in a transitive clause, it typically means to dismiss or release someone from a job or position. For example:

* The company fired the underperforming employee.
* The boss fired the worker for being consistently late.
* The school board fired the teacher for inappropriate behavior.

In this sense, ""fire"" is a verb that indicates the act of terminating someone's employment or contract.</s>",to dismiss or release someone from a job or position
13,grab,"<s> [INST] <<SYS>>
    
    <</SYS>>
    Please describe the one possible sense of the verb grab when it is used in a transitive clause.[/INST]
    
    <SYS>
    Sure! When the verb ""grab"" is used in a transitive clause, it typically means to take hold of something firmly, often with one's hands or arms. The subject of the sentence is doing the grabbing, and the object of the sentence is the thing being grabbed. For example:

    She grabbed the book off the shelf.
    He grabbed the rope and swung over the gap.
    They grabbed their backpacks and headed out the door.

In these sentences, ""grab"" is a transitive verb because it takes an object (the book, the rope, the backpacks) that is being acted upon by the subject (She, He, They). The verb ""grab"" indicates that the subject is physically taking hold of the object, often with a sense of force or urgency.</s>",to take hold of something firmly often with ones hands or arms
14,insult,"<s> [INST] <<SYS>>
    
    <</SYS>>
    Please describe the one possible sense of the verb insult when it is used in a transitive clause.[/INST]
    
    <<SYS>>

The verb ""insult"" can have one possible sense when used in a transitive clause:

1. To hurt or offend someone with a word or action, intentionally or unintentionally.

Examples:

* She insulted him with her harsh words.
* His careless comment insulted her deeply.
* The comedian's joke insulted many people in the audience.

In this sense, the verb ""insult"" is used to describe the act of causing harm or offense to someone through one's words or actions. The emphasis is on the intention or effect of the action, rather than on the act itself.</s>",to hurt or offend someone with a word or action intentionally or unintentionally
15,kick,"<s> [INST] <<SYS>>
    
    <</SYS>>
    Please describe the one possible sense of the verb kick when it is used in a transitive clause.[/INST]
    
    Sure! When the verb ""kick"" is used in a transitive clause, it means to strike or forcefully push something with one's foot. Here are a few examples:

1. She kicked the ball into the goal. (Here, ""kick"" is a transitive verb because it takes an object, the ball, which is being struck with the foot.)
2. He kicked the door open. (Here, ""kick"" is a transitive verb because it takes an object, the door, which is being forced open with the foot.)
3. The player kicked the opponent's shin. (Here, ""kick"" is a transitive verb because it takes an object, the opponent's shin, which is being struck with the foot.)

In each of these examples, the verb ""kick"" is used to describe the action of striking or forcing something with one's foot. This is the one possible sense of the verb ""kick"" when it is used in a transitive clause.</s>",to strike or forcefully push something with ones foot
16,mail,"<s> [INST] <<SYS>>
    
    <</SYS>>
    Please describe the one possible sense of the verb mail when it is used in a transitive clause.[/INST]
    
    <SYS>
    Sure! When the verb ""mail"" is used in a transitive clause, it means to send something, typically a letter or package, through the postal service. Here are a few examples:

    * I mailed the letter to my grandmother.
    * She mailed the package to her brother.
    * They mailed the documents to their client.
    
    In this sense, ""mail"" is a transitive verb that takes an object, such as a letter or package, and describes the action of sending it through the postal service.</s>",to send something typically a letter or package through the postal service
17,murder,"<s> [INST] <<SYS>>
    
    <</SYS>>
    Please describe the one possible sense of the verb murder when it is used in a transitive clause.[/INST]
    
    <SYS>
    Sure, I can do that. When the verb ""murder"" is used in a transitive clause, it typically means to kill someone in a deliberate and premeditated way, often with malice aforethought. This can include actions such as shooting, stabbing, or strangling someone, and may involve a variety of weapons or methods. The emphasis is often on the intentional and deliberate nature of the act, rather than the method or weapon used to carry it out.
    </SYS></s>",to kill someone in a deliberate and premeditated way often with malice aforethought
18,phone,"<s> [INST] <<SYS>>
    
    <</SYS>>
    Please describe the one possible sense of the verb phone when it is used in a transitive clause.[/INST]
    
    <SYS>
    The verb ""phone"" can be used in a transitive clause in the following sense:
    <</SYS>
    
    To phone someone means to contact them by phone, to call them on the phone.
    For example:
    She phoned her mother to wish her a happy birthday.
    He phoned the hotel to make a reservation.
    They phoned the repairman to fix the broken appliance.</s>",to phone someone means to contact them by phone to call them on the phone
19,pinch,"<s> [INST] <<SYS>>
    
    <</SYS>>
    Please describe the one possible sense of the verb pinch when it is used in a transitive clause.[/INST]
    
    <SYS>
    Sure! When the verb pinch is used in a transitive clause, it typically means to squeeze or grasp something tightly between one's fingers or thumb and a finger or thumb board. The object of the pinch is usually something small and delicate, like a flower petal, a piece of fabric, or a small child's cheek. The action of pinching is often used to express affection, fondness, or playfulness, as well as to test or examine the object being pinched. For example:

        * ""She pinched the baby's cheek to make sure it was real.""
        * ""He pinched the fabric between his fingers to check its quality.""
        * ""She pinched a flower petal off the stem to keep as a memory.""
    </SYS></s>",to squeeze or grasp something tightly between ones fingers or thumb and a finger or thumb board
20,place,"<s> [INST] <<SYS>>
    
    <</SYS>>
    Please describe the one possible sense of the verb place when it is used in a transitive clause.[/INST]
    
    Sure! When the verb ""place"" is used in a transitive clause, it typically means to put or set something in a particular location or position. Here are a few examples:

1. She placed the book on the table. (Here, ""placed"" means to put the book in a specific location, in this case, on the table.)
2. He placed the key under the mat. (Here, ""placed"" means to put the key in a specific location, in this case, under the mat.)
3. They placed the picture on the wall. (Here, ""placed"" means to put the picture in a specific location, in this case, on the wall.)

In all of these examples, the verb ""place"" is used to indicate that something is being put or set in a specific location, and the object of the verb is the thing being placed.</s>",to put or set something in a particular location or position
21,remove,"<s> [INST] <<SYS>>
    
    <</SYS>>
    Please describe the one possible sense of the verb remove when it is used in a transitive clause.[/INST]
    
    Sure! When the verb ""remove"" is used in a transitive clause, it typically means to take something away or to take something out of a place. Here are some examples:

1. She removed the stain from her dress. (Here, ""remove"" means to take the stain away from the dress.)
2. He removed the weeds from his garden. (Here, ""remove"" means to take the weeds out of the garden.)
3. The company removed the faulty product from the market. (Here, ""remove"" means to take the faulty product out of the market.)

In each of these examples, the verb ""remove"" is used to indicate that something is being taken away or taken out of a place.</s>",to take something away or to take something out of a place
22,roll,"<s> [INST] <<SYS>>
    
    <</SYS>>
    Please describe the one possible sense of the verb roll when it is used in a transitive clause.[/INST]
    
    <<SYS>>

The verb ""roll"" can have multiple senses, but in a transitive clause, the most common sense is ""to cause something to move or rotate by turning or rotating it oneself.""

For example:

* She rolled the die to determine the outcome. (Here, she caused the die to move by turning it herself.)
* He rolled the car down the hill. (Here, he caused the car to move by rotating it himself.)
* The ball rolled away after being kicked. (Here, the ball moved because it was rotated by something, possibly the foot that kicked it.)

In each of these examples, the subject of the sentence is doing the rolling, and the object is being rolled. This sense of ""roll"" is often used to describe actions that involve movement or rotation, and it can be applied to a wide range of objects and situations.</s>",to cause something to move or rotate by turning or rotating it oneself
23,sack,"<s> [INST] <<SYS>>
    
    <</SYS>>
    Please describe the one possible sense of the verb sack when it is used in a transitive clause.[/INST]
    
    <SYS>
    Sure! When the verb ""sack"" is used in a transitive clause, it typically means to force someone to leave their job or position, often due to poor performance or misconduct. For example:

""The company sacked the underperforming employee.""

In this sense, ""sack"" is a formal and somewhat old-fashioned way of saying that the employee was fired or dismissed. The word can also be used more broadly to refer to the act of getting rid of something or someone that is no longer wanted or needed, as in:

""The team sacked their coach after a string of losses.""

So, in summary, when used in a transitive clause, ""sack"" typically means to dismiss or fire someone from their job or position.]</s>",to force someone to leave their job or position often due to poor performance or misconduct
24,shape,"<s> [INST] <<SYS>>
    
    <</SYS>>
    Please describe the one possible sense of the verb shape when it is used in a transitive clause.[/INST]
    
    <SYS>
    Sure! When the verb ""shape"" is used in a transitive clause, it can have one possible sense:
    </SYS>

    To shape something means to give it a particular form or figure, to mold or fashion it into a specific shape or design. This can refer to physical objects, ideas, or even abstract concepts. For example:

* The potter shaped the clay into a beautiful vase.
* The architect shaped the building's design to reflect the client's needs.
* The writer shaped the story into a compelling narrative.

In all of these examples, the verb ""shape"" is used to indicate that something is being molded or fashioned into a specific form or design.</s>",to give it a particular form or figure to mold or fashion it into a specific shape or design
25,slap,"<s> [INST] <<SYS>>
    
    <</SYS>>
    Please describe the one possible sense of the verb slap when it is used in a transitive clause.[/INST]
    
    <SYS>
    Sure! When the verb ""slap"" is used in a transitive clause, it typically means to strike someone with an open hand, often with a loud noise and a bit of force. The subject of the sentence is doing the action of slapping something or someone, and the direct object is the thing or person being slapped. Here's an example sentence:

""She slapped him across the face.""

In this sentence, ""slapped"" is the verb, and ""him"" is the direct object, which is being slapped. The sentence conveys the idea that the subject (she) is physically striking (slapping) the object (him) with an open hand.

I hope that helps clarify the meaning of ""slap"" in a transitive clause! Let me know if you have any more questions.</s>",to strike someone with an open hand often with a loud noise and a bit of force
26,stab,"<s> [INST] <<SYS>>
    
    <</SYS>>
    Please describe the one possible sense of the verb stab when it is used in a transitive clause.[/INST]
    
    <SYS>
    Sure, I can do that. When the verb ""stab"" is used in a transitive clause, it typically means to pierce or penetrate something with a sharp object, such as a knife or a sword. The object of the verb is often a person or an animal, and the action of stabbing can be intended to cause harm, injury, or death. For example:

* The attacker stabbed the victim with a knife.
* The soldier stabbed the enemy with his sword.
* The assailant stabbed the victim multiple times.

In this sense, the verb ""stab"" is often used to describe a violent and aggressive act, and it can have serious consequences for the person or animal that is stabbed. It is important to note that stabbing someone or something can be a criminal offense, and it can lead to serious legal and moral repercussions.</s>",to pierce or penetrate something with a sharp object such as a knife or a sword
27,stretch,"<s> [INST] <<SYS>>
    
    <</SYS>>
    Please describe the one possible sense of the verb stretch when it is used in a transitive clause.[/INST]
    
    <<SYS>>

The verb ""stretch"" can have one possible sense when used in a transitive clause:

1. To extend or elongate something, such as a piece of fabric or a person's limbs, by pulling or drawing it in various directions.

Examples:

* She stretched the canvas to fit the frame.
* He stretched his arms over his head.
* The yoga instructor led the class through a series of stretches to loosen their muscles.

In this sense, the verb ""stretch"" is used to describe the act of physically altering the shape or size of an object or person, often by applying tension or pressure.</s>",to extend or elongate something such as a piece of fabric or a persons limbs by pulling or drawing it in various directions
28,toss,"<s> [INST] <<SYS>>
    
    <</SYS>>
    Please describe the one possible sense of the verb toss when it is used in a transitive clause.[/INST]
    
    <<SYS>>

The verb ""toss"" in a transitive clause typically means to throw or hurl something carelessly or casually, often with a sense of playfulness or indifference.

For example:

* She tossed the ball into the air and caught it. (Here, ""toss"" means to throw the ball up and down, perhaps playfully.)
* He tossed the frisbee to his friend. (Here, ""toss"" means to throw the frisbee in a casual, carefree way.)
* The kids tossed their coins into the fountain. (Here, ""toss"" means to throw the coins into the fountain in a playful or careless manner.)

In general, when ""toss"" is used in a transitive clause, it implies a lighthearted or casual action, where the object being tossed is treated in a playful or nonchalant way.</s>",to throw or hurl something carelessly or casually often with a sense of playfulness or indifference
29,write,"<s> [INST] <<SYS>>
    
    <</SYS>>
    Please describe the one possible sense of the verb write when it is used in a transitive clause.[/INST]
    
    <SYS>
    Sure! When the verb ""write"" is used in a transitive clause, it can have one possible sense:
    </SYS>

    <SYS>
    The verb ""write"" in a transitive clause can mean ""to record or put something in written form"".</SYS>

For example:

* She wrote down the instructions.
* He wrote a letter to his friend.
* They wrote a report on their research findings.

In these examples, the verb ""write"" is used transitively to indicate that the subject (She, He, They) recorded or put something in written form.</s>",to record or put something in written form
