,verb,llama2 output 1,llama_poly_output
0,abuse,,"<s> [INST] <<SYS>>
    
    <</SYS>>
    Describe and enumerate the distinct possible senses of the verb 'abuse' when it is found in a transitive clause. 
For example, the verb ""jump"" has five senses because it has multiple possible meanings when it is used, so you should output something like ""1. stock prices, increase, 2. be excited for an opportunity, getting there first, 3. physically or metaphorically leap, physical motion, 4. to escape, bail out, 5. attack, gangsta style"". 
Ensure that the sense description(s) can stand alone and do not depend on being the synonym of some other verb. [/INST]
    
    Sure! Here are the distinct possible senses of the verb 'abuse' when it is found in a transitive clause:

1. To use something or someone for one's own benefit, often to the detriment of the user or the thing being used.
Example sentence: ""The company has been abusing their power by exploiting their workers for their own gain.""
2. To treat someone with cruelty, violence, or unfairness.
Example sentence: ""The abusive husband physically and emotionally abused his wife for years.""
3. To use drugs, alcohol, or other substances in a harmful or excessive manner.
Example sentence: ""The addict abused prescription painkillers, leading to a near-fatal overdose.""
4. To misuse or misappropriate something, such as a position of authority or a resource.
Example sentence: ""The corrupt politician abused their position by taking bribes and embezzling funds.""
5. To subject someone to unwanted or harmful behavior, such as harassment or bullying.
Example sentence: ""The workplace bully abused his colleagues with constant taunts and sabotage.""
6. To use language or speech in a hurtful or offensive manner.
Example sentence: ""The troll abused his power on social media by posting derogatory comments and personal attacks.""
7. To manipulate or coerce someone into doing something they do not want to do.
Example sentence: ""The abusive partner abused their partner into staying in the relationship by threatening to hurt them.""
8. To mistreat or neglect an animal.
Example sentence: ""The dog abused by its owner was found with severe injuries and no access to food or water.""

Each of these senses of 'abuse' can stand alone as a distinct concept, and they do not depend on being the synonym of any other verb.</s>"
1,allow,,monosemous
2,approve,,"<s> [INST] <<SYS>>
    
    <</SYS>>
    Describe and enumerate the distinct possible senses of the verb 'approve' when it is found in a transitive clause. 
For example, the verb ""jump"" has five senses because it has multiple possible meanings when it is used, so you should output something like ""1. stock prices, increase, 2. be excited for an opportunity, getting there first, 3. physically or metaphorically leap, physical motion, 4. to escape, bail out, 5. attack, gangsta style"". 
Ensure that the sense description(s) can stand alone and do not depend on being the synonym of some other verb. [/INST]
    
    Sure! Here are the distinct possible senses of the verb 'approve' when it is found in a transitive clause:

1. To endorse or support something or someone officially or formally, often after examining evidence or considering different options.

Example sentence: The committee approved the proposal after lengthy discussions.

2. To express favor or agreement, often enthusiastically or warmly.

Example sentence: My parents approved of my decision to study abroad.

3. To give permission or consent, often after evaluating the merits or potential risks of a proposal.

Example sentence: The CEO approved the budget for the new marketing campaign.

4. To ratify or confirm something that has already been done or decided, often to give it official status or legitimacy.

Example sentence: The board of directors approved the minutes of the previous meeting.

5. To be satisfied or content with something, often after testing or trying it out.

Example sentence: I approved of the new restaurant we tried last night.

Note that these senses are not mutually exclusive, and the verb ""approve"" can sometimes express multiple senses depending on the context and the intended meaning. However, each sense listed above can stand alone as a distinct meaning of the verb ""approve"" in a transitive clause.</s>"
3,beat,,"<s> [INST] <<SYS>>
    
    <</SYS>>
    Describe and enumerate the distinct possible senses of the verb 'beat' when it is found in a transitive clause. 
For example, the verb ""jump"" has five senses because it has multiple possible meanings when it is used, so you should output something like ""1. stock prices, increase, 2. be excited for an opportunity, getting there first, 3. physically or metaphorically leap, physical motion, 4. to escape, bail out, 5. attack, gangsta style"". 
Ensure that the sense description(s) can stand alone and do not depend on being the synonym of some other verb. [/INST]
    
    Sure! Here are the distinct possible senses of the verb 'beat' when it is found in a transitive clause:

1. To overcome or surpass (something or someone):
	* ""The team beat their rival in the championship game.""
	* ""She beat her personal best time in the marathon.""
2. To physically strike or hit (something or someone):
	* ""He beat the drum with a stick.""
	* ""The police beat the suspect during the interrogation.""
3. To outdo or outperform (someone or something):
	* ""She beat her colleague in the sales competition.""
	* ""The new smartphone beat its predecessor in terms of features and performance.""
4. To overpower or dominate (someone or something):
	* ""The stronger player beat his opponent in the tennis match.""
	* ""The storm beat down on the city, causing widespread damage.""
5. To create or produce (something) by using a particular method or instrument:
	* ""The baker beat the dough to make it rise.""
	* ""The musician beat the drums to create a lively rhythm.""
6. To be faster or more efficient (than someone or something):
	* ""The runner beat his personal record by seconds.""
	* ""The new software beat its predecessor in terms of speed and efficiency.""
7. To overcome or overcome (a challenge or obstacle):
	* ""She beat the odds and graduated at the top of her class.""
	* ""The team beat the difficult terrain to reach the remote village.""
8. To extract or gather (something) by using a tool or machine:
	* ""The miners beat the coal to extract the valuable fossil fuels.""
	* ""The farmer beat the soil to grow the crops.""
9. To cause (something) to happen or exist:
	* ""The new policy beat the old one in terms of popularity.""
	* ""The invention beat the problem of limited resources.""
10. To enjoy or savor (something):
	* ""She beat the delicious meal and appreciated the flavors.""
	* ""The children beat the ice cream and laughed at the silly faces.""

Each of these senses of 'beat"
4,belt,,"<s> [INST] <<SYS>>
    
    <</SYS>>
    Describe and enumerate the distinct possible senses of the verb 'belt' when it is found in a transitive clause. 
For example, the verb ""jump"" has five senses because it has multiple possible meanings when it is used, so you should output something like ""1. stock prices, increase, 2. be excited for an opportunity, getting there first, 3. physically or metaphorically leap, physical motion, 4. to escape, bail out, 5. attack, gangsta style"". 
Ensure that the sense description(s) can stand alone and do not depend on being the synonym of some other verb. [/INST]
    
    Sure, here are the distinct possible senses of the verb 'belt' when it is found in a transitive clause:

1. Fasten or secure with a belt: This sense of ""belt"" is used to describe the act of attaching or fastening something with a belt, such as a waist belt or a seat belt. For example, ""She belted her coat to keep it from flying away.""
2. Inflict a heavy blow with a belt: This sense of ""belt"" is used to describe the act of hitting someone with a belt, often as a form of punishment or discipline. For example, ""He was belted by his father for misbehaving.""
3. Travel by airplane: This sense of ""belt"" is used to describe the act of flying in an airplane, often in reference to a specific route or destination. For example, ""We belted from New York to Los Angeles.""
4. Narrate or tell a story: This sense of ""belt"" is used to describe the act of recounting or telling a story, often with a focus on the details or the emotions involved. For example, ""He belted the tale of his adventure to his friends.""
5. Perform a song or poem with great enthusiasm: This sense of ""belt"" is used to describe the act of performing a song or poem with great passion and energy, often with a strong voice or vocal style. For example, ""The singer belted out the anthem with pride.""
6. Win or achieve something with great effort or determination: This sense of ""belt"" is used to describe the act of achieving something with great difficulty or effort, often with a sense of triumph or accomplishment. For example, ""She belted the project with dedication and hard work.""
7. Experience a strong emotion or sensation: This sense of ""belt"" is used to describe the act of feeling a strong emotion or sensation, often in a physical or visceral way. For example, ""He was belted by the rollercoaster's intense drops.""
8. Move quickly or urgently: This sense of ""belt"" is used to describe the act of moving quickly or urgently, often with a sense of haste or urgency. For example, ""We"
5,box,,monosemous
6,break,,"<s> [INST] <<SYS>>
    
    <</SYS>>
    Describe and enumerate the distinct possible senses of the verb 'break' when it is found in a transitive clause. 
For example, the verb ""jump"" has five senses because it has multiple possible meanings when it is used, so you should output something like ""1. stock prices, increase, 2. be excited for an opportunity, getting there first, 3. physically or metaphorically leap, physical motion, 4. to escape, bail out, 5. attack, gangsta style"". 
Ensure that the sense description(s) can stand alone and do not depend on being the synonym of some other verb. [/INST]
    
    Sure! Here are the distinct possible senses of the verb 'break' when it is found in a transitive clause:

1. To shatter or shake apart: This sense of break refers to the physical act of breaking something into pieces or shattering it into fragments. For example, ""The vase broke into a thousand pieces when it fell to the ground.""
2. To interrupt or disrupt: This sense of break refers to the act of interrupting or disrupting a process, activity, or flow of events. For example, ""The news broke the silence in the room.""
3. To release or liberate: This sense of break refers to the act of releasing or liberating something or someone from a confined or restricted state. For example, ""The storm broke the drought in the region.""
4. To divide or separate: This sense of break refers to the act of dividing or separating something into two or more parts. For example, ""The company broke up into smaller teams to work on different projects.""
5. To overcome or conquer: This sense of break refers to the act of overcoming or conquering an obstacle, challenge, or resistance. For example, ""She finally broke the record after months of training.""
6. To reveal or disclose: This sense of break refers to the act of revealing or disclosing information or a secret. For example, ""The investigation broke the story about the government's cover-up.""
7. To damage or harm: This sense of break refers to the act of damaging or harming something or someone. For example, ""The accident broke his arm.""
8. To end or terminate: This sense of break refers to the act of ending or terminating a process, activity, or relationship. For example, ""The company broke off negotiations when they realized they were not on the same page.""
9. To break the rules or conventions: This sense of break refers to the act of violating or disobeying rules or conventions. For example, ""He broke the law by speeding.""
10. To break the ice: This sense of break refers to the act of initiating a conversation or breaking the tension in a social situation. For example, ""Her joke broke the ice and everyone started laughing.""

These senses of break are distinct and can stand alone, and they do not"
7,build,,"<s> [INST] <<SYS>>
    
    <</SYS>>
    Describe and enumerate the distinct possible senses of the verb 'build' when it is found in a transitive clause. 
For example, the verb ""jump"" has five senses because it has multiple possible meanings when it is used, so you should output something like ""1. stock prices, increase, 2. be excited for an opportunity, getting there first, 3. physically or metaphorically leap, physical motion, 4. to escape, bail out, 5. attack, gangsta style"". 
Ensure that the sense description(s) can stand alone and do not depend on being the synonym of some other verb. [/INST]
    
    Sure! Here are the distinct possible senses of the verb 'build' when it is found in a transitive clause:

1. construct or create something, such as a building, a machine, or a software program, by assembling or combining parts or materials.
Example: ""They spent years building their dream house.""
2. establish or develop something, such as a business, a relationship, or a reputation, by adding elements or resources over time.
Example: ""She spent her entire career building her brand.""
3. improve or enhance something, such as a skill, a system, or a process, by adding new elements or refining existing ones.
Example: ""He spent the summer building his tennis skills.""
4. create or form a mental or emotional connection with someone or something, such as a memory, a preference, or a belief.
Example: ""Their shared experiences built a strong bond between them.""
5. gather or collect resources, information, or support for a specific purpose, such as a project, a goal, or a cause.
Example: ""She spent the day building her case for the new initiative.""
6. create or establish a foundation or a base for something, such as a structure, a system, or a process.
Example: ""They spent months building the foundation for their new startup.""
7. form or shape something, such as an idea, a plan, or a product, by adding or refining elements.
Example: ""He spent hours building his argument for the proposal.""
8. create or establish a reputation or a brand, by consistently delivering high-quality work or products.
Example: ""Her company built a reputation for excellence in the industry.""

These senses of the verb 'build' can stand alone and do not depend on being the synonym of some other verb. Each sense captures a distinct meaning of the verb, highlighting the various ways in which 'build' can be used to describe the process of creating or constructing something.</s>"
8,burn,,"<s> [INST] <<SYS>>
    
    <</SYS>>
    Describe and enumerate the distinct possible senses of the verb 'burn' when it is found in a transitive clause. 
For example, the verb ""jump"" has five senses because it has multiple possible meanings when it is used, so you should output something like ""1. stock prices, increase, 2. be excited for an opportunity, getting there first, 3. physically or metaphorically leap, physical motion, 4. to escape, bail out, 5. attack, gangsta style"". 
Ensure that the sense description(s) can stand alone and do not depend on being the synonym of some other verb. [/INST]
    
    Sure! Here are the distinct possible senses of the verb 'burn' when it is found in a transitive clause:

1. Consume or destroy by fire: ""The fire burned the wooden table to ashes.""
2. Cause intense heat or pain: ""The hot sauce burned my tongue.""
3. Use up or exhaust a resource: ""I've been burning the midnight oil to meet the deadline.""
4. Embarrass or shame someone: ""His mistake burned him in front of his colleagues.""
5. Convert or transform something into a different form: ""The chemicals in the lab were burned to produce a new compound.""
6. Experience a strong emotion, such as passion or excitement: ""She was burning with anger after the argument.""
7. Use up or deplete a supply of something: ""I've been burning through my savings to pay for college.""
8. Move quickly or rapidly: ""The sports car burned down the highway at high speed.""
9. Have a strong or intense desire for something: ""He's burning to travel the world and explore new cultures.""
10. Cause a physical or mental change or effect, such as a burn on the skin or a lasting impression: ""The hot water burned my skin, leaving a scar.""

Each of these senses of 'burn' can stand alone and do not depend on being the synonym of some other verb. They are distinct and can be used in different contexts to convey different meanings.</s>"
9,button,,monosemous
10,cast,,"<s> [INST] <<SYS>>
    
    <</SYS>>
    Describe and enumerate the distinct possible senses of the verb 'cast' when it is found in a transitive clause. 
For example, the verb ""jump"" has five senses because it has multiple possible meanings when it is used, so you should output something like ""1. stock prices, increase, 2. be excited for an opportunity, getting there first, 3. physically or metaphorically leap, physical motion, 4. to escape, bail out, 5. attack, gangsta style"". 
Ensure that the sense description(s) can stand alone and do not depend on being the synonym of some other verb. [/INST]
    
    Sure! Here are the distinct possible senses of the verb 'cast' when it is found in a transitive clause:

1. To project or throw something, often in a specific direction or location:
	* E.g. She cast her line into the water.
	* E.g. He cast a spell to make the evil creature disappear.
2. To assign a role or part to someone in a performance or production:
	* E.g. The director cast the lead actor in the play.
	* E.g. She was cast as the love interest in the movie.
3. To place or mold something into a specific shape or form:
	* E.g. The chef cast a silicone mold for the cake.
	* E.g. The sculptor cast the bronze into a statue.
4. To vote or assign a vote for someone or something, often in an election or decision-making process:
	* E.g. The citizens cast their ballots for their preferred candidate.
	* E.g. The board of directors cast their votes for the new CEO.
5. To predict or prophesy something, often with a sense of fate or destiny:
	* E.g. The fortune teller cast a spell to predict the future.
	* E.g. The astrologer cast a horoscope to forecast the year's events.
6. To attribute or ascribe something to someone or something else:
	* E.g. The teacher cast doubts on the student's explanation.
	* E.g. The politician cast blame on their opponent's policies.
7. To send or direct someone or something to a specific place or destination:
	* E.g. The airline cast the passengers to their respective gates.
	* E.g. The shipping company cast the cargo to its final destination.
8. To assign or attribute a particular quality or characteristic to someone or something:
	* E.g. The coach cast the player as a natural leader.
	* E.g. The critic cast the movie as a masterpiece.

These senses of 'cast' are distinct and do not depend on being the synonym of any other verb. Each sense has its own unique connotations and usage, and"
11,catch,,"<s> [INST] <<SYS>>
    
    <</SYS>>
    Describe and enumerate the distinct possible senses of the verb 'catch' when it is found in a transitive clause. 
For example, the verb ""jump"" has five senses because it has multiple possible meanings when it is used, so you should output something like ""1. stock prices, increase, 2. be excited for an opportunity, getting there first, 3. physically or metaphorically leap, physical motion, 4. to escape, bail out, 5. attack, gangsta style"". 
Ensure that the sense description(s) can stand alone and do not depend on being the synonym of some other verb. [/INST]
    
    Sure, here are the distinct possible senses of the verb 'catch' when it is found in a transitive clause:

1. To seize or take hold of something physically:
	* The player caught the ball in mid-air.
	* The police caught the thief in the act.
2. To perceive or understand something, often suddenly or unexpectedly:
	* I caught on to the joke and started laughing.
	* The detective caught a clue that led to the solution of the case.
3. To become infected with a disease or condition:
	* The patient caught a cold from her friend.
	* The outbreak of the virus caught many people off guard.
4. To experience or undergo a particular emotion or state:
	* The music caught me in a nostalgic mood.
	* The news caught me off guard and left me feeling stunned.
5. To be successful in doing something, especially in a competitive situation:
	* She caught the eye of the employer with her impressive resume.
	* The team caught the winner's trophy in the championship game.
6. To delay or pause an action or process:
	* The traffic caught me in a jam, and I was late for work.
	* The computer caught a virus and needed to be restarted.
7. To be responsible for something, often unexpectedly:
	* The teacher caught me cheating on the test and gave me a zero.
	* The company caught a error in the accounting books and had to issue a correction.
8. To be in a particular place or situation, often unexpectedly:
	* The hikers caught a glimpse of the mountain peak through the clouds.
	* The traveler caught a flight to Paris on a whim.

Note that these senses are not exhaustive, and the verb ""catch"" may have other possible meanings depending on the context. However, these eight senses cover the most common and distinct uses of the verb when it is found in a transitive clause.</s>"
12,chip,,monosemous
13,chop,,monosemous
14,chuck,,monosemous
15,clean,,monosemous
16,clear,,monosemous
17,coat,,monosemous
18,cover,,"<s> [INST] <<SYS>>
    
    <</SYS>>
    Describe and enumerate the distinct possible senses of the verb 'cover' when it is found in a transitive clause. 
For example, the verb ""jump"" has five senses because it has multiple possible meanings when it is used, so you should output something like ""1. stock prices, increase, 2. be excited for an opportunity, getting there first, 3. physically or metaphorically leap, physical motion, 4. to escape, bail out, 5. attack, gangsta style"". 
Ensure that the sense description(s) can stand alone and do not depend on being the synonym of some other verb. [/INST]
    
    Sure! Here are the distinct possible senses of the verb 'cover' when it is found in a transitive clause:

1. To place something on the surface of another thing, such as a lid on a pot or a blanket over a bed.
2. To conceal or hide something, such as a secret or a mistake.
3. To protect or shield something from exposure or harm, such as a person's identity or a delicate surface.
4. To include or embrace something within a larger scope or context, such as a topic in a report or a theme in a story.
5. To perform or provide a specific function or service, such as a singer covering a song or an employee covering a shift.
6. To move over or across something, such as a car covering a distance or a brush covering a surface.
7. To be responsible for or attend to something, such as a teacher covering a lesson or a parent covering a child.
8. To extend over or encompass something, such as a law covering a specific issue or a policy covering a particular group.
9. To disguise or alter the appearance of something, such as makeup covering a bruise or a fake mustache covering a person's identity.
10. To compensate for or make up for a lack or deficiency, such as insurance covering a loss or a backup plan covering a contingency.

Each of these senses of ""cover"" can stand alone and does not depend on being the synonym of any other verb. They are all distinct and have their own unique connotations and uses in different contexts.</s>"
19,crash,,"<s> [INST] <<SYS>>
    
    <</SYS>>
    Describe and enumerate the distinct possible senses of the verb 'crash' when it is found in a transitive clause. 
For example, the verb ""jump"" has five senses because it has multiple possible meanings when it is used, so you should output something like ""1. stock prices, increase, 2. be excited for an opportunity, getting there first, 3. physically or metaphorically leap, physical motion, 4. to escape, bail out, 5. attack, gangsta style"". 
Ensure that the sense description(s) can stand alone and do not depend on being the synonym of some other verb. [/INST]
    
    Sure! Here are the distinct possible senses of the verb 'crash' when it is found in a transitive clause:

1. To collide or come into contact with something violently, causing damage or destruction:

Example sentence: ""The car crashed into the tree.""

2. To fail or malfunction suddenly and catastrophically:

Example sentence: ""The computer crashed and wouldn't start up again.""

3. To experience a sudden and drastic decline or drop:

Example sentence: ""The stock market crashed, causing widespread panic.""

4. To become overwhelmed or overpowered, often due to an excessive amount of work or responsibility:

Example sentence: ""I've been working non-stop for weeks and I'm starting to feel like I'm crashing under the pressure.""

5. To intentionally cause damage or destruction, often in a violent or aggressive manner:

Example sentence: ""The bomber crashed his plane into the building.""

6. To become emotionally exhausted or drained, often due to a difficult or stressful situation:

Example sentence: ""After the breakup, I felt like I had crashed emotionally.""

7. To rapidly change direction or course, often in a sudden or unexpected manner:

Example sentence: ""The plane crashed to the left, putting us all on edge.""

8. To become trapped or stuck in a difficult or precarious situation:

Example sentence: ""I feel like I've crashed into a dead end with this project.""

Each of these senses of the word ""crash"" can stand alone and do not depend on being the synonym of some other verb. They are all distinct and can be used in different contexts to convey different meanings.</s>"
20,draw,,"<s> [INST] <<SYS>>
    
    <</SYS>>
    Describe and enumerate the distinct possible senses of the verb 'draw' when it is found in a transitive clause. 
For example, the verb ""jump"" has five senses because it has multiple possible meanings when it is used, so you should output something like ""1. stock prices, increase, 2. be excited for an opportunity, getting there first, 3. physically or metaphorically leap, physical motion, 4. to escape, bail out, 5. attack, gangsta style"". 
Ensure that the sense description(s) can stand alone and do not depend on being the synonym of some other verb. [/INST]
    
    Sure! Here are the distinct possible senses of the verb 'draw' when it is found in a transitive clause:

1. To pull or drag something: This sense of 'draw' is often used to describe the physical act of pulling or dragging an object or a person. For example, ""The firefighters drew the hose through the burning building.""
2. To attract or entice: This sense of 'draw' is often used to describe the act of attracting or enticing someone or something. For example, ""The new restaurant drew a crowd of foodies with its unique menu.""
3. To create or design: This sense of 'draw' is often used to describe the act of creating or designing something, such as a picture or a plan. For example, ""The artist drew a beautiful portrait of her grandmother.""
4. To select or choose: This sense of 'draw' is often used to describe the act of selecting or choosing something or someone. For example, ""The jury drew the name of the winner from the hat.""
5. To convey or communicate: This sense of 'draw' is often used to describe the act of conveying or communicating something, such as an idea or a message. For example, ""The cartoonist drew a comic strip that perfectly captured the essence of the situation.""
6. To involve or implicate: This sense of 'draw' is often used to describe the act of involving or implicating someone or something in a situation or a problem. For example, ""The scandal drew the company into a legal battle.""
7. To take or select at random: This sense of 'draw' is often used to describe the act of taking or selecting something at random, such as a name or a number. For example, ""The teacher drew a name from the hat to choose the winner of the prize.""
8. To pull or stretch something taut: This sense of 'draw' is often used to describe the act of pulling or stretching something taut, such as a string or a wire. For example, ""The archer drew his bowstring back to fire the arrow.""
9. To cause something to happen or occur: This sense of 'draw' is often used to describe the act of causing something to happen or occur, such as a reaction or a consequence. For example, ""The new policy drew negative reactions from the"
21,drop,,"<s> [INST] <<SYS>>
    
    <</SYS>>
    Describe and enumerate the distinct possible senses of the verb 'drop' when it is found in a transitive clause. 
For example, the verb ""jump"" has five senses because it has multiple possible meanings when it is used, so you should output something like ""1. stock prices, increase, 2. be excited for an opportunity, getting there first, 3. physically or metaphorically leap, physical motion, 4. to escape, bail out, 5. attack, gangsta style"". 
Ensure that the sense description(s) can stand alone and do not depend on being the synonym of some other verb. [/INST]
    
    Sure! Here are the distinct possible senses of the verb 'drop' when it is found in a transitive clause:

1. To release or let something fall: ""She dropped the ball.""
2. To stop carrying or holding something: ""He dropped the bag.""
3. To surrender or give up: ""The team dropped out of the competition.""
4. To inform someone of something important: ""The boss dropped a bombshell at the meeting.""
5. To reference or allude to something: ""The lyrics drop hints about the artist's personal life.""
6. To lower or reduce something, such as a price or a level of intensity: ""The company dropped the price of the new product.""
7. To deliver or hand over something: ""The messenger dropped off the package.""
8. To lose or be defeated: ""The team dropped the game.""
9. To let go of something or someone, often in a dismissive or negative way: ""She dropped him like a hot potato.""
10. To be punished or penalized: ""He was dropped from the team for violating the rules.""

Each of these senses of ""drop"" can stand alone and have a distinct meaning, and none of them rely on being the synonym of some other verb.</s>"
22,earn,,monosemous
23,encounter,,"<s> [INST] <<SYS>>
    
    <</SYS>>
    Describe and enumerate the distinct possible senses of the verb 'encounter' when it is found in a transitive clause. 
For example, the verb ""jump"" has five senses because it has multiple possible meanings when it is used, so you should output something like ""1. stock prices, increase, 2. be excited for an opportunity, getting there first, 3. physically or metaphorically leap, physical motion, 4. to escape, bail out, 5. attack, gangsta style"". 
Ensure that the sense description(s) can stand alone and do not depend on being the synonym of some other verb. [/INST]
    
    Sure! Here are the distinct possible senses of the verb 'encounter' when it is found in a transitive clause:

1. To come across something or someone unexpectedly:

Example sentence: ""I encountered a roadblock on my way to work.""

2. To meet someone or something for the first time:

Example sentence: ""I encountered my new colleague at the office.""

3. To experience or undergo something, often unexpectedly:

Example sentence: ""I encountered a strange dream last night.""

4. To confront or face something or someone, often in a challenging or difficult situation:

Example sentence: ""She encountered her fear of public speaking when she had to give a presentation.""

5. To discover or find something unexpectedly, often while searching for something else:

Example sentence: ""I encountered a hidden talent for painting while browsing through a thrift store.""

6. To undergo a challenging or difficult situation, often involving conflict or opposition:

Example sentence: ""The team encountered strong resistance during their first game.""

7. To meet something or someone with a specific quality or characteristic:

Example sentence: ""I encountered a beautiful sunset on my way home.""

8. To experience a strong emotion or sensation, often unexpectedly:

Example sentence: ""I encountered a rush of adrenaline when I went skydiving for the first time.""

9. To meet someone or something that is unfamiliar or unknown, often leading to a new experience or learning opportunity:

Example sentence: ""I encountered a new culture during my trip to Japan.""

10. To face a difficult or challenging situation with courage or determination:

Example sentence: ""She encountered the challenge of climbing a steep mountain with determination and perseverance.""

Each of these senses of the verb 'encounter' can stand alone and do not depend on being the synonym of some other verb. They all convey the idea of coming across something or someone in a specific context, often with a particular emotion or response.</s>"
24,fetch,,monosemous
25,fight,,monosemous
26,fire,,monosemous
27,fold,,"<s> [INST] <<SYS>>
    
    <</SYS>>
    Describe and enumerate the distinct possible senses of the verb 'fold' when it is found in a transitive clause. 
For example, the verb ""jump"" has five senses because it has multiple possible meanings when it is used, so you should output something like ""1. stock prices, increase, 2. be excited for an opportunity, getting there first, 3. physically or metaphorically leap, physical motion, 4. to escape, bail out, 5. attack, gangsta style"". 
Ensure that the sense description(s) can stand alone and do not depend on being the synonym of some other verb. [/INST]
    
    Sure! Here are the distinct possible senses of the verb 'fold' when it is found in a transitive clause:

1. To bend or curl something into a specific shape:
	* ""She folded the cloth into a neat square.""
	* ""He folded the paper into a plane.""
2. To compress or reduce something in size:
	* ""She folded the laundry to make it easier to carry.""
	* ""He folded the map to fit in his pocket.""
3. To bring together or combine things:
	* ""She folded the two pieces of fabric together to sew them.""
	* ""He folded his hands together in prayer.""
4. To arrange or organize something in a specific way:
	* ""She folded the books on the shelf in alphabetical order.""
	* ""He folded the napkins into decorative shapes for the party.""
5. To cause something to be enclosed or enclose something within:
	* ""She folded the letter into an envelope.""
	* ""He folded the baby into a blanket for a nap.""
6. To cause something to be reduced or simplified:
	* ""She folded the complex idea into a simpler concept.""
	* ""He folded the long story into a brief summary.""
7. To cause something to be incorporated or integrated into something else:
	* ""She folded the new policy into the company's existing procedures.""
	* ""He folded the new employee into the team's workflow.""

Each of these senses of the verb 'fold' can stand alone and do not depend on being the synonym of some other verb. They are all distinct and specific meanings of the verb, and they can all be used in different contexts to convey different ideas.</s>"
28,grab,,monosemous
29,hack,,"<s> [INST] <<SYS>>
    
    <</SYS>>
    Describe and enumerate the distinct possible senses of the verb 'hack' when it is found in a transitive clause. 
For example, the verb ""jump"" has five senses because it has multiple possible meanings when it is used, so you should output something like ""1. stock prices, increase, 2. be excited for an opportunity, getting there first, 3. physically or metaphorically leap, physical motion, 4. to escape, bail out, 5. attack, gangsta style"". 
Ensure that the sense description(s) can stand alone and do not depend on being the synonym of some other verb. [/INST]
    
    Sure! Here are the distinct possible senses of the verb 'hack' when it is found in a transitive clause:

1. To manipulate or modify something using unauthorized or malicious techniques, often with the intention of gaining unauthorized access or control.

Example sentence: ""The cybercriminal hacked into the company's server to steal sensitive data.""

2. To gain unauthorized access to a system, network, or account, often by using a password or other authentication credentials that were obtained illegally.

Example sentence: ""The hacker managed to hack into the government's secure database.""

3. To bypass security measures or restrictions, often to gain unauthorized access or to perform an action that is not allowed.

Example sentence: ""The company's IT department had to hack together a temporary solution to fix the security vulnerability.""

4. To exploit or take advantage of a vulnerability or weakness in a system, often for financial gain or to gain an advantage over others.

Example sentence: ""The hackers exploited a bug in the game's code to gain unlimited resources.""

5. To cobble together or improvise a solution, often using limited resources or in a makeshift manner.

Example sentence: ""The team had to hack together a presentation using only a few hours' notice.""

6. To beat or force one's way through a difficult or complex situation, often using determination and perseverance.

Example sentence: ""The hikers had to hack their way through the dense jungle to reach the summit.""

7. To create or modify something using a quick and dirty method, often sacrificing elegance or quality for speed or convenience.

Example sentence: ""The developer had to hack together a quick prototype to meet the deadline.""

8. To improvise or make up a story or explanation, often to avoid embarrassment or to cover up a mistake.

Example sentence: ""The politician had to hack together an excuse for why he was late to the meeting.""

These senses of the verb ""hack"" are distinct and do not rely on each other to make sense; they can all stand alone as individual meanings of the verb.</s>"
30,hit,,"<s> [INST] <<SYS>>
    
    <</SYS>>
    Describe and enumerate the distinct possible senses of the verb 'hit' when it is found in a transitive clause. 
For example, the verb ""jump"" has five senses because it has multiple possible meanings when it is used, so you should output something like ""1. stock prices, increase, 2. be excited for an opportunity, getting there first, 3. physically or metaphorically leap, physical motion, 4. to escape, bail out, 5. attack, gangsta style"". 
Ensure that the sense description(s) can stand alone and do not depend on being the synonym of some other verb. [/INST]
    
    Sure, here are the distinct possible senses of the verb 'hit' when it is found in a transitive clause:

1. To strike or collide with something:
	* The car hit the tree.
	* The baseball hit the ground.
2. To reach or achieve something:
	* Her speech hit a chord with the audience.
	* The company's sales hit a record high.
3. To succeed or be successful:
	* His new business hit the ground running.
	* The band's latest album hit the top of the charts.
4. To attack or assault someone:
	* The mugger hit the victim with a bat.
	* The army hit the enemy with a surprise attack.
5. To be popular or well-received:
	* The new restaurant hit the spot with foodies.
	* The play hit the stage with critical acclaim.
6. To cause something to happen or take effect:
	* The medicine hit the market with great fanfare.
	* The new policy hit the company with unexpected results.
7. To be in line or on target:
	* The plane hit the runway with a gentle touch.
	* The athlete hit the bullseye with precision.
8. To be fashionable or trendy:
	* The new clothing line hit the stores with style.
	* The haircut hit the salons with a modern twist.
9. To be emotionally affecting or powerful:
	* The movie hit me with a wave of nostalgia.
	* The book hit me with a powerful message.
10. To be satisfying or fulfilling:
	* The dessert hit the spot with its rich flavors.
	* The vacation hit the spot with its relaxing atmosphere.

Each of these senses of 'hit' can stand alone and do not depend on being the synonym of some other verb. They are all distinct meanings that can be used in different contexts to convey different ideas and emotions.</s>"
31,insult,,monosemous
32,kick,,monosemous
33,kill,,"<s> [INST] <<SYS>>
    
    <</SYS>>
    Describe and enumerate the distinct possible senses of the verb 'kill' when it is found in a transitive clause. 
For example, the verb ""jump"" has five senses because it has multiple possible meanings when it is used, so you should output something like ""1. stock prices, increase, 2. be excited for an opportunity, getting there first, 3. physically or metaphorically leap, physical motion, 4. to escape, bail out, 5. attack, gangsta style"". 
Ensure that the sense description(s) can stand alone and do not depend on being the synonym of some other verb. [/INST]
    
    Sure! Here are the distinct possible senses of the verb 'kill' when it is found in a transitive clause:

1. To cause the death of a living being:

Example sentence: The hunter killed the deer with a single shot.

2. To put an end to something, such as a process or an idea:

Example sentence: The new policy killed the project, and we had to start over.

3. To remove or eliminate something, such as a virus or a bug:

Example sentence: The antivirus software killed the malware before it could cause any damage.

4. To disable or shut down something, such as a system or a device:

Example sentence: The power outage killed the lights and the computers.

5. To end or terminate a relationship or a situation:

Example sentence: The breakup killed our plans for the future.

6. To suppress or put an end to an emotion or a feeling:

Example sentence: The medication killed my pain, but it also killed my joy.

7. To eliminate or eradicate a problem or an issue:

Example sentence: The new solution killed the bugs and improved the quality of the product.

8. To eliminate or get rid of something unnecessary or unwanted:

Example sentence: The cleaning crew killed the clutter in the attic and made it look spotless.

Note that these senses are not mutually exclusive, and the same verb can be used in different senses in different contexts. Additionally, there may be other senses of the verb 'kill' that are not listed here, depending on the context and the specific usage.</s>"
34,know,,"<s> [INST] <<SYS>>
    
    <</SYS>>
    Describe and enumerate the distinct possible senses of the verb 'know' when it is found in a transitive clause. 
For example, the verb ""jump"" has five senses because it has multiple possible meanings when it is used, so you should output something like ""1. stock prices, increase, 2. be excited for an opportunity, getting there first, 3. physically or metaphorically leap, physical motion, 4. to escape, bail out, 5. attack, gangsta style"". 
Ensure that the sense description(s) can stand alone and do not depend on being the synonym of some other verb. [/INST]
    
    Sure! Here are the distinct possible senses of the verb 'know' when it is found in a transitive clause:

1. To be aware of something, to have information or understanding about something.

Example sentence: ""I know the answer to the question.""

2. To have a personal relationship or familiarity with someone or something.

Example sentence: ""I know the person who wrote the book.""

3. To recognize or identify someone or something.

Example sentence: ""I know my own name.""

4. To have expertise or knowledge in a particular field or subject.

Example sentence: ""She knows a lot about history.""

5. To be certain or confident about something.

Example sentence: ""I know that I will be there on time.""

6. To have a personal experience or familiarity with a place or thing.

Example sentence: ""I know this restaurant well.""

7. To be intimately acquainted with someone, to have a deep understanding of their nature or character.

Example sentence: ""I know my best friend very well.""

8. To be aware of something and be able to explain it or describe it.

Example sentence: ""I know how to use this software.""

9. To have a sense of awareness or perception of something, to be conscious of something.

Example sentence: ""I know that you are here.""

10. To have a feeling or emotion about something, to be sensitive to something.

Example sentence: ""I know that this music makes me happy.""

Each of these senses of 'know' can stand alone and do not depend on being the synonym of some other verb. They are all distinct and can be used in different contexts to convey different meanings.</s>"
35,launch,,"<s> [INST] <<SYS>>
    
    <</SYS>>
    Describe and enumerate the distinct possible senses of the verb 'launch' when it is found in a transitive clause. 
For example, the verb ""jump"" has five senses because it has multiple possible meanings when it is used, so you should output something like ""1. stock prices, increase, 2. be excited for an opportunity, getting there first, 3. physically or metaphorically leap, physical motion, 4. to escape, bail out, 5. attack, gangsta style"". 
Ensure that the sense description(s) can stand alone and do not depend on being the synonym of some other verb. [/INST]
    
    Sure! Here are the distinct possible senses of the verb 'launch' when it is found in a transitive clause:

1. To initiate or begin something, such as a project, a product, or an event.

Example sentence: ""The company launched a new marketing campaign to increase sales.""

2. To introduce or set in motion something, such as a new product, a new feature, or a new initiative.

Example sentence: ""The CEO launched the company's new flagship product at the annual conference.""

3. To set something in motion, such as a vehicle, a spacecraft, or a military operation.

Example sentence: ""The astronauts launched the spacecraft into orbit around the Earth.""

4. To release or make available something, such as a new product, a new service, or a new feature.

Example sentence: ""The company launched its new mobile app to the public last week.""

5. To attack or assault someone or something, often in a sudden or surprise manner.

Example sentence: ""The military launched a surprise attack on the enemy's base.""

6. To release or make available something in a public or formal manner, such as a new product, a new service, or a new feature.

Example sentence: ""The company launched its new product line at a press conference last week.""

7. To begin or initiate a journey or a trip, often in a formal or official manner.

Example sentence: ""The royal family launched their state visit to Japan yesterday.""

8. To set or place something in motion, such as a machine, a vehicle, or a system.

Example sentence: ""The engineer launched the machine into operation.""

These senses of the verb 'launch' are distinct and do not depend on being the synonym of some other verb. Each sense has its own specific meaning and connotation, and they can all stand alone as individual definitions.</s>"
36,mail,,monosemous
37,meet,,"<s> [INST] <<SYS>>
    
    <</SYS>>
    Describe and enumerate the distinct possible senses of the verb 'meet' when it is found in a transitive clause. 
For example, the verb ""jump"" has five senses because it has multiple possible meanings when it is used, so you should output something like ""1. stock prices, increase, 2. be excited for an opportunity, getting there first, 3. physically or metaphorically leap, physical motion, 4. to escape, bail out, 5. attack, gangsta style"". 
Ensure that the sense description(s) can stand alone and do not depend on being the synonym of some other verb. [/INST]
    
    Sure! Here are the distinct possible senses of the verb 'meet' when it is found in a transitive clause:

1. To come together physically or face-to-face: ""The two leaders will meet to discuss the peace treaty.""
2. To encounter or experience something or someone for the first time: ""I met my new colleagues at the orientation session.""
3. To fulfill or encounter someone's expectations or needs: ""The new restaurant met all of our expectations.""
4. To satisfy or resolve a requirement or condition: ""The project met all of the necessary criteria.""
5. To correspond or be appropriate for a particular purpose or situation: ""This outfit meets the dress code for the formal event.""
6. To be equal or comparable to something else: ""My salary meets the industry average.""
7. To engage in a social or business encounter, such as a meeting or a date: ""I'm meeting my friend for lunch today.""
8. To confront or deal with a challenge or problem: ""The company had to meet the legal requirements for the new regulations.""
9. To participate in a competition or event: ""The team will meet in the championship game this weekend.""
10. To be compatible or suitable for a particular purpose or situation: ""This software meets the needs of our business.""

Each of these senses of 'meet' can stand alone and do not depend on being the synonym of some other verb. They all have distinct meanings and connotations, and can be used in different contexts to convey specific ideas and meanings.</s>"
38,murder,,monosemous
39,pass,,"<s> [INST] <<SYS>>
    
    <</SYS>>
    Describe and enumerate the distinct possible senses of the verb 'pass' when it is found in a transitive clause. 
For example, the verb ""jump"" has five senses because it has multiple possible meanings when it is used, so you should output something like ""1. stock prices, increase, 2. be excited for an opportunity, getting there first, 3. physically or metaphorically leap, physical motion, 4. to escape, bail out, 5. attack, gangsta style"". 
Ensure that the sense description(s) can stand alone and do not depend on being the synonym of some other verb. [/INST]
    
    Sure! Here are the distinct possible senses of the verb 'pass' when it is found in a transitive clause:

1. To transmit or communicate something:
	* The message passed from one person to another.
	* The baton passed from one runner to the next.
2. To go past something or someone:
	* The car passed by the park.
	* The ball passed over the player's head.
3. To complete or succeed in doing something:
	* She passed the exam with flying colors.
	* The bill passed in the Senate.
4. To allow something to happen or be done:
	* The teacher passed the deadline for the project.
	* The government passed a law allowing same-sex marriage.
5. To delegate or hand over responsibility:
	* She passed the task to her colleague.
	* The boss passed the project to a subordinate.
6. To move past something or someone quickly:
	* The car passed swiftly through the intersection.
	* The runner passed the opponent with ease.
7. To experience or feel something:
	* The patient passed out from the anesthesia.
	* The audience passed a wave of excitement through the crowd.
8. To survive or endure:
	* The company passed through a difficult period.
	* The athlete passed the test of endurance.
9. To be or become successful:
	* The new product passed with flying colors in the market.
	* The singer passed the audition and got the lead role.

Each of these senses of 'pass' can stand alone and do not depend on being the synonym of some other verb. They are distinct and can be used in different contexts to convey specific meanings.</s>"
40,phone,,monosemous
41,pinch,,monosemous
42,pitch,,"<s> [INST] <<SYS>>
    
    <</SYS>>
    Describe and enumerate the distinct possible senses of the verb 'pitch' when it is found in a transitive clause. 
For example, the verb ""jump"" has five senses because it has multiple possible meanings when it is used, so you should output something like ""1. stock prices, increase, 2. be excited for an opportunity, getting there first, 3. physically or metaphorically leap, physical motion, 4. to escape, bail out, 5. attack, gangsta style"". 
Ensure that the sense description(s) can stand alone and do not depend on being the synonym of some other verb. [/INST]
    
    Sure! Here are the distinct possible senses of the verb 'pitch' when it is found in a transitive clause:

1. To propose or suggest an idea, plan, or product to someone, often with the intention of persuading them to accept or invest in it.

Example sentence: ""She pitched her business plan to a group of investors.""

2. To place or set something in a particular position or location, often with the intention of presenting it in a specific way.

Example sentence: ""She pitched the tent in a spot with a beautiful view.""

3. To throw or project something in a particular direction, often with the intention of hitting a target or achieving a specific goal.

Example sentence: ""The pitcher threw the ball to the catcher.""

4. To change the tone or frequency of a sound, often to make it more pleasing or suitable for a particular context.

Example sentence: ""The musician pitched the note to match the key of the song.""

5. To compete or offer one's services in order to secure a particular opportunity or contract.

Example sentence: ""He pitched his services to the company, hoping to land the job.""

6. To move or tilt something in a particular direction, often with the intention of adjusting its position or orientation.

Example sentence: ""She pitched the chair to one side to get a better view.""

7. To offer or provide something, such as a product or service, to a particular person or group.

Example sentence: ""The company pitched a special deal to their loyal customers.""

8. To give a presentation or speech, often with the intention of persuading or convincing an audience.

Example sentence: ""The speaker pitched her ideas to the conference attendees.""

9. To angle or slant something, often to achieve a specific effect or perspective.

Example sentence: ""The photographer pitched the camera to capture the scene from a unique angle.""

10. To struggle or fight against something, often with the intention of overcoming it or achieving a specific goal.

Example sentence: ""The team pitched against the opposing team in the championship game.""

I hope these senses help you understand the versatility of the verb 'pitch' in trans"
43,place,,monosemous
44,post,,"<s> [INST] <<SYS>>
    
    <</SYS>>
    Describe and enumerate the distinct possible senses of the verb 'post' when it is found in a transitive clause. 
For example, the verb ""jump"" has five senses because it has multiple possible meanings when it is used, so you should output something like ""1. stock prices, increase, 2. be excited for an opportunity, getting there first, 3. physically or metaphorically leap, physical motion, 4. to escape, bail out, 5. attack, gangsta style"". 
Ensure that the sense description(s) can stand alone and do not depend on being the synonym of some other verb. [/INST]
    
    Sure! Here are the distinct possible senses of the verb 'post' when it is found in a transitive clause:

1. To place or position something on a post or in a public location: ""She posted the flyers around the neighborhood to advertise her garage sale.""
2. To send or transmit information or a message via a digital platform or medium: ""I posted my report on the company's intranet so everyone can access it.""
3. To schedule or make an announcement for a specific date or time: ""The concert promoter posted the event on Facebook to let fans know when tickets would go on sale.""
4. To send or deliver something to a specific location, often via mail or courier: ""I posted the package to my pen pal in Japan last week.""
5. To publish or make available something online, such as a blog post or video: ""She posts her recipes on her food blog every Thursday.""
6. To place or assign someone to a specific duty or location: ""The manager posted the new employee to the sales floor to assist customers.""
7. To set or fix something in a particular place or position: ""He posted the TV on the wall to save space.""
8. To offer or make available something for sale or auction: ""The auction house posted the rare collectible online for bidding.""
9. To be responsible for or in charge of something: ""The teacher posted the students to work in groups to complete the project.""
10. To be or remain in a particular place or location: ""The beach was posted with 'No Swimming' signs to keep visitors safe.""

Each of these senses of ""post"" can stand alone and do not depend on being the synonym of any other verb. They are distinct and specific meanings of the verb that can be used in different contexts and situations.</s>"
45,push,,"<s> [INST] <<SYS>>
    
    <</SYS>>
    Describe and enumerate the distinct possible senses of the verb 'push' when it is found in a transitive clause. 
For example, the verb ""jump"" has five senses because it has multiple possible meanings when it is used, so you should output something like ""1. stock prices, increase, 2. be excited for an opportunity, getting there first, 3. physically or metaphorically leap, physical motion, 4. to escape, bail out, 5. attack, gangsta style"". 
Ensure that the sense description(s) can stand alone and do not depend on being the synonym of some other verb. [/INST]
    
    Sure! Here are the distinct possible senses of the verb 'push' when it is found in a transitive clause:

1. To apply force or pressure to something in order to move it or cause it to move:
	* Examples: ""She pushed the cart down the aisle."" ""He pushed the door open with his shoulder.""
2. To urge or encourage someone to do something:
	* Examples: ""She pushed me to take the job offer."" ""He pushed his team to work harder.""
3. To impel or motivate someone to take action:
	* Examples: ""The deadline pushed me to finish the project on time."" ""The teacher pushed the students to learn more.""
4. To shove or crowd someone:
	* Examples: ""The crowd pushed and shoved to get a better view."" ""He pushed his way through the crowd.""
5. To promote or advocate for something:
	* Examples: ""She pushed for a raise at work."" ""He pushed for a new policy in the company.""
6. To exert influence or pressure on someone or something to achieve a goal:
	* Examples: ""The politician pushed for a new law to benefit the environment."" ""The company pushed for a merger to increase profits.""
7. To challenge or confront someone:
	* Examples: ""He pushed the bully to defend himself."" ""She pushed the CEO to explain her decision.""
8. To test the limits or boundaries of something:
	* Examples: ""The scientist pushed the limits of the new technology."" ""The athlete pushed the boundaries of what was possible.""
9. To encourage someone to take risks or be more aggressive:
	* Examples: ""The coach pushed the team to take more risks on the field."" ""The investor pushed the startup to be more aggressive in their marketing strategy.""
10. To try to make someone do something they do not want to do:
	* Examples: ""The salesperson pushed the customer to buy the more expensive product."" ""The boss pushed the employee to work longer hours.""

I hope these examples help illustrate the different senses of the verb 'push' in transitive clauses!</s>"
46,reach,,"<s> [INST] <<SYS>>
    
    <</SYS>>
    Describe and enumerate the distinct possible senses of the verb 'reach' when it is found in a transitive clause. 
For example, the verb ""jump"" has five senses because it has multiple possible meanings when it is used, so you should output something like ""1. stock prices, increase, 2. be excited for an opportunity, getting there first, 3. physically or metaphorically leap, physical motion, 4. to escape, bail out, 5. attack, gangsta style"". 
Ensure that the sense description(s) can stand alone and do not depend on being the synonym of some other verb. [/INST]
    
    Sure, here are the distinct possible senses of the verb 'reach' when it is found in a transitive clause:

1. To extend one's arm or a body part to touch or grasp something:

Example: She reached out to grab the book from the shelf.

2. To arrive at a place or a state by physical or mental effort:

Example: They finally reached the summit after hours of hiking.

3. To communicate or influence someone or something:

Example: His speech reached the hearts of his listeners.

4. To fulfill a goal or objective:

Example: The team's hard work reached a milestone with their championship win.

5. To surpass a limit or expectation:

Example: The artist's latest work reached new heights of creativity.

6. To influence or have an impact on something or someone:

Example: The new policy reached farmers in rural areas.

7. To achieve a desired state or condition:

Example: She reached a state of inner peace through meditation.

8. To succeed in accomplishing something:

Example: He reached his goal of running a marathon.

9. To be in a state of being able to do something:

Example: She reached a point in her career where she could afford to take a break.

10. To be able to access or obtain something:

Example: The new app reached a wide audience and became popular.

Each of these senses of ""reach"" can stand alone and do not depend on being the synonym of some other verb. They all convey different meanings and uses of the verb, highlighting its versatility and range of possible interpretations.</s>"
47,recall,,"<s> [INST] <<SYS>>
    
    <</SYS>>
    Describe and enumerate the distinct possible senses of the verb 'recall' when it is found in a transitive clause. 
For example, the verb ""jump"" has five senses because it has multiple possible meanings when it is used, so you should output something like ""1. stock prices, increase, 2. be excited for an opportunity, getting there first, 3. physically or metaphorically leap, physical motion, 4. to escape, bail out, 5. attack, gangsta style"". 
Ensure that the sense description(s) can stand alone and do not depend on being the synonym of some other verb. [/INST]
    
    Sure! Here are the distinct possible senses of the verb ""recall"" when it is found in a transitive clause:

1. To retrieve or regain something from memory:
	* ""I tried to recall the password, but I couldn't remember it.""
	* ""She recalled the details of the meeting after reviewing her notes.""
2. To bring back or revive a past experience or emotion:
	* ""The smell of his mother's cooking recalls happy memories of childhood.""
	* ""The song reminded him of his first love and the emotions he felt at the time.""
3. To call back or return something that was previously sent or given:
	* ""The company recalled the defective products from the market.""
	* ""She requested that he recall the loan so she could pay it back early.""
4. To reinstate or bring back someone who was previously dismissed or resigned:
	* ""The company recalled the employee after realizing their mistake.""
	* ""He asked the university to recall his acceptance letter so he could attend a different school.""
5. To recreate or reproduce something from memory:
	* ""The artist recalled the scene from her childhood and painted it.""
	* ""The musician recalled the melody from the song he learned years ago.""
6. To summon or bring back something from a different context or location:
	* ""The teacher recalled the lesson from last week to review with the class.""
	* ""The company recalled the resources from the other branch to support the new project.""
7. To give a warning or alert about something that has happened before:
	* ""The weather forecast recalled the community to be prepared for the storm.""
	* ""The doctor recalled the patient to come in for a follow-up appointment.""

These senses of ""recall"" are distinct and do not depend on being the synonym of any other verb. They can stand alone and have their own specific meanings and uses in different contexts.</s>"
48,remove,,monosemous
49,roll,,monosemous
50,sack,,monosemous
51,save,,"<s> [INST] <<SYS>>
    
    <</SYS>>
    Describe and enumerate the distinct possible senses of the verb 'save' when it is found in a transitive clause. 
For example, the verb ""jump"" has five senses because it has multiple possible meanings when it is used, so you should output something like ""1. stock prices, increase, 2. be excited for an opportunity, getting there first, 3. physically or metaphorically leap, physical motion, 4. to escape, bail out, 5. attack, gangsta style"". 
Ensure that the sense description(s) can stand alone and do not depend on being the synonym of some other verb. [/INST]
    
    Sure! Here are the distinct possible senses of the verb 'save' when it is found in a transitive clause:

1. Store or preserve something for future use:
	* ""I saved the file to my computer.""
	* ""She saved the seeds from last year's garden to plant again this year.""
2. Prevent or avert something from happening:
	* ""The fire alarm saved us from a potential disaster.""
	* ""The paramedics saved the victim's life with CPR.""
3. Spend or invest money wisely:
	* ""I saved up for months to buy my dream car.""
	* ""The company's financial advisor saved them from bankruptcy by finding ways to cut costs.""
4. Protect or shield someone or something from harm:
	* ""The superhero saved the city from the evil villain.""
	* ""The police saved the hostages from the terrorist's grasp.""
5. Preserve or maintain something in its original or unaltered state:
	* ""The museum is working to save the ancient artifacts from being destroyed by war.""
	* ""The environmentalists are trying to save the rainforest from being logged.""
6. Bring something or someone to a safe place:
	* ""The lifeboat saved the shipwrecked sailors from drowning.""
	* ""The paramedics saved the injured hiker by carrying him to safety.""
7. Record or capture something for later use:
	* ""I saved the video to my phone so I can watch it later.""
	* ""The historian saved the ancient texts for future generations to study.""
8. Free someone or something from a difficult or dangerous situation:
	* ""The lawyer saved her client from a lengthy prison sentence.""
	* ""The doctor saved the patient from a terminal illness.""

These senses of 'save' are distinct and independent, as they do not rely on each other or on any other verb to convey their meanings. Each sense has its own unique connotations and applications, and they can all stand alone as valid definitions of the verb 'save' in a transitive clause.</s>"
52,see,,"<s> [INST] <<SYS>>
    
    <</SYS>>
    Describe and enumerate the distinct possible senses of the verb 'see' when it is found in a transitive clause. 
For example, the verb ""jump"" has five senses because it has multiple possible meanings when it is used, so you should output something like ""1. stock prices, increase, 2. be excited for an opportunity, getting there first, 3. physically or metaphorically leap, physical motion, 4. to escape, bail out, 5. attack, gangsta style"". 
Ensure that the sense description(s) can stand alone and do not depend on being the synonym of some other verb. [/INST]
    
    Sure! Here are the distinct possible senses of the verb 'see' when it is found in a transitive clause:

1. To perceive with the eyes: ""I see the tree in front of me.""
2. To understand or comprehend: ""I see what you're trying to say.""
3. To perceive or become aware of something indirectly: ""I see that you're upset.""
4. To look at or examine something carefully: ""I see the details of the painting up close.""
5. To experience or witness something: ""I see the concert tonight.""
6. To anticipate or foresee something: ""I see trouble brewing.""
7. To observe or monitor something: ""I see the experiment in progress.""
8. To visually inspect or examine something: ""I see the faulty wiring in the machine.""
9. To watch or view something, often implying a passive or observational role: ""I see the movie tonight.""
10. To have a mental image or visualization of something: ""I see the picture of the future in my mind.""

Each of these senses of 'see' can stand alone and have a distinct meaning, and they do not depend on being the synonym of some other verb. For example, the sense ""to perceive with the eyes"" is different from the sense ""to understand or comprehend,"" even though both senses can be used in the same sentence.</s>"
53,sense,,"<s> [INST] <<SYS>>
    
    <</SYS>>
    Describe and enumerate the distinct possible senses of the verb 'sense' when it is found in a transitive clause. 
For example, the verb ""jump"" has five senses because it has multiple possible meanings when it is used, so you should output something like ""1. stock prices, increase, 2. be excited for an opportunity, getting there first, 3. physically or metaphorically leap, physical motion, 4. to escape, bail out, 5. attack, gangsta style"". 
Ensure that the sense description(s) can stand alone and do not depend on being the synonym of some other verb. [/INST]
    
    Sure! Here are the distinct possible senses of the verb 'sense' when it is found in a transitive clause:

1. To perceive or become aware of something through the senses, such as sight, sound, smell, touch, or taste.
Example: ""I can sense that something is wrong.""
2. To understand or appreciate the meaning or significance of something.
Example: ""I sense that you are trying to tell me something.""
3. To have a conscious awareness or feeling about something, such as joy, sadness, fear, or anger.
Example: ""I sense a sense of excitement in the air.""
4. To have a keen or developed perception or intuition about something.
Example: ""She has a keen sense of smell and can detect the slightest scent.""
5. To make sense of something, to understand or interpret its meaning or significance.
Example: ""I sense that the data is trying to tell us something.""
6. To be aware of one's surroundings and the people around them, to have a sense of awareness or consciousness.
Example: ""I sense that someone is watching me.""
7. To have a strong feeling or intuition about something, to have a ""gut sense"" about it.
Example: ""I have a sense that this decision is not the right one.""
8. To have a sense of humor, to be able to appreciate and understand jokes or irony.
Example: ""He has a great sense of humor and can always make us laugh.""

These senses of the verb ""sense"" can stand alone and do not depend on being the synonym of some other verb. They are all distinct and can be used in different contexts to convey different meanings.</s>"
54,set,,"<s> [INST] <<SYS>>
    
    <</SYS>>
    Describe and enumerate the distinct possible senses of the verb 'set' when it is found in a transitive clause. 
For example, the verb ""jump"" has five senses because it has multiple possible meanings when it is used, so you should output something like ""1. stock prices, increase, 2. be excited for an opportunity, getting there first, 3. physically or metaphorically leap, physical motion, 4. to escape, bail out, 5. attack, gangsta style"". 
Ensure that the sense description(s) can stand alone and do not depend on being the synonym of some other verb. [/INST]
    
    Sure! Here are the distinct possible senses of the verb 'set' when it is found in a transitive clause:

1. To place or arrange something in a specific location or position: ""She set the vase on the table.""
2. To determine or establish something firmly or definitely: ""The judge set the date for the trial.""
3. To put or position something in a particular state or condition: ""He set the thermostat to 72 degrees.""
4. To cause something to be in a particular state or condition: ""The rain set the garden in bloom.""
5. To assign or allocate something to a particular person or thing: ""The teacher set the students to work on a project.""
6. To appoint or designate someone to a particular position or role: ""The board of directors set her as the CEO.""
7. To schedule or plan something: ""They set the meeting for next Thursday.""
8. To fix or establish the price of something: ""The store set the price of the new iPhone at $800.""
9. To prepare or make ready something: ""She set the table for dinner.""
10. To cause something to happen or take effect: ""The politician's speech set the tone for the campaign.""

Each of these senses of ""set"" is distinct and can stand alone, and they do not depend on being the synonym of some other verb. For example, ""set"" in sense 1 (to place or arrange something) is not the same as ""set"" in sense 2 (to determine or establish something firmly or definitely), even though they may both involve the idea of something being in a particular location or position.</s>"
55,shape,,monosemous
56,shoot,,"<s> [INST] <<SYS>>
    
    <</SYS>>
    Describe and enumerate the distinct possible senses of the verb 'shoot' when it is found in a transitive clause. 
For example, the verb ""jump"" has five senses because it has multiple possible meanings when it is used, so you should output something like ""1. stock prices, increase, 2. be excited for an opportunity, getting there first, 3. physically or metaphorically leap, physical motion, 4. to escape, bail out, 5. attack, gangsta style"". 
Ensure that the sense description(s) can stand alone and do not depend on being the synonym of some other verb. [/INST]
    
    Sure! Here are the distinct possible senses of the verb 'shoot' when it is found in a transitive clause:

1. To discharge a firearm: This sense of 'shoot' is the most common and literal meaning of the verb. It involves physically firing a weapon, such as a gun or a bow, at a target or an object.
2. To record or capture with a camera or other device: In this sense, 'shoot' means to use a camera or other device to capture an image or video. This can include taking a photograph, filming a movie, or recording a video.
3. To produce or create something quickly or suddenly: This sense of 'shoot' is often used to describe a sudden or rapid production of something, such as a burst of energy or a sudden idea. It can also be used to describe a quick or unexpected action or event.
4. To move quickly or suddenly: In this sense, 'shoot' means to move rapidly or suddenly, often in a straight line or with a lot of force. This can include running, jumping, or moving in a vehicle.
5. To release or propel something: This sense of 'shoot' is often used to describe the act of releasing or propelling something, such as a projectile or a rocket. It can also be used to describe the act of launching or starting something, such as a new product or a new business.
6. To aim or direct something: In this sense, 'shoot' means to aim or direct something, such as a weapon or a camera, at a specific target or object. It can also be used to describe the act of directing or pointing something towards a specific goal or purpose.
7. To be successful or achieve a goal: This sense of 'shoot' is often used to describe a successful outcome or achievement, such as a goal being met or a target being reached. It can also be used to describe a person or thing that is performing well or achieving success.
8. To be in the process of creating or producing something: In this sense, 'shoot' is often used to describe a person or thing that is in the process of creating or producing something, such as a movie or a piece of art. It can also be used to describe a person or thing that is actively engaged in a creative or productive activity.
"
57,shove,,"<s> [INST] <<SYS>>
    
    <</SYS>>
    Describe and enumerate the distinct possible senses of the verb 'shove' when it is found in a transitive clause. 
For example, the verb ""jump"" has five senses because it has multiple possible meanings when it is used, so you should output something like ""1. stock prices, increase, 2. be excited for an opportunity, getting there first, 3. physically or metaphorically leap, physical motion, 4. to escape, bail out, 5. attack, gangsta style"". 
Ensure that the sense description(s) can stand alone and do not depend on being the synonym of some other verb. [/INST]
    
    Sure, here are the distinct possible senses of the verb 'shove' when it is found in a transitive clause:

1. To forcefully push or move something or someone into a particular place or position, often with a sense of urgency or aggression.
Example sentence: ""She shoved the box onto the shelf.""
2. To crowd or squeeze someone into a small space or position, often without their consent or against their will.
Example sentence: ""The crowd shoved me into the corner.""
3. To impose one's opinions or beliefs onto someone else, often in an aggressive or forceful manner.
Example sentence: ""He shoved his views down my throat.""
4. To thrust or insert something into a particular space or position, often with a sense of force or pressure.
Example sentence: ""She shoved the key into the lock.""
5. To hasten or expedite the progress of something, often by using physical force or urgency.
Example sentence: ""He shoved the car ahead to make sure we arrived on time.""
6. To apply pressure or stress to someone or something, often in order to achieve a particular goal or outcome.
Example sentence: ""The manager shoved the employees to meet the deadline.""
7. To forcibly insert something into someone's schedule or plan, often without their consent or against their will.
Example sentence: ""She shoved the meeting onto my calendar.""
8. To bully or intimidate someone into doing something they do not want to do.
Example sentence: ""He shoved me into doing the task I didn't want to do.""

These senses of 'shove' can stand alone and do not depend on being the synonym of some other verb. They all convey the idea of using physical or metaphorical force to push or insert something into a particular space or position, but each sense has its own unique connotations and uses.""</s>"
58,slap,,monosemous
59,stab,,monosemous
60,stretch,,monosemous
61,toss,,monosemous
62,understand,,"<s> [INST] <<SYS>>
    
    <</SYS>>
    Describe and enumerate the distinct possible senses of the verb 'understand' when it is found in a transitive clause. 
For example, the verb ""jump"" has five senses because it has multiple possible meanings when it is used, so you should output something like ""1. stock prices, increase, 2. be excited for an opportunity, getting there first, 3. physically or metaphorically leap, physical motion, 4. to escape, bail out, 5. attack, gangsta style"". 
Ensure that the sense description(s) can stand alone and do not depend on being the synonym of some other verb. [/INST]
    
    Sure! Here are the distinct possible senses of the verb 'understand' when it is found in a transitive clause:

1. To comprehend the meaning or significance of something:
	* ""I finally understand the concept of quantum mechanics.""
	* ""She didn't understand the joke.""
2. To empathize with someone's feelings or perspective:
	* ""I understand where you're coming from.""
	* ""He couldn't understand why his colleagues were so upset.""
3. To recognize or acknowledge someone's authority or expertise:
	* ""The teacher understood the student's request for a leave of absence.""
	* ""The committee understood the CEO's proposal.""
4. To grasp the implications or consequences of something:
	* ""I understand the risks involved in this investment.""
	* ""The government understands the impact of climate change.""
5. To learn or acquire knowledge or skills:
	* ""I understand how to use this software now.""
	* ""She understands how to play the guitar.""
6. To perceive or interpret something in a particular way:
	* ""I understand the painting as a reflection of the artist's emotions.""
	* ""The critics understood the movie as a commentary on social inequality.""
7. To come to an agreement or reach a mutual understanding:
	* ""The two parties understood each other's positions.""
	* ""The neighbors understood the need for quiet hours.""

Each of these senses of 'understand' can stand alone and do not depend on being the synonym of some other verb. They are distinct and can be used in different contexts to convey different meanings.</s>"
63,write,,monosemous
